zip,lat,lng
07001,40.583961,-74.269704
07002,40.662495,-74.110201
07003,40.809141,-74.187142
07004,40.882508,-74.304593
07005,40.93035,-74.411123
07006,40.851187,-74.282865
07008,40.58379,-74.227457
07009,40.858017,-74.229784
07010,40.822052,-73.987938
07011,40.880427,-74.143246
07012,40.846899,-74.160537
07013,40.869405,-74.173062
07014,40.831339,-74.135419
07016,40.65755,-74.303632
07017,40.771918,-74.207082
07018,40.755733,-74.217917
07020,40.82465,-73.973793
07021,40.828102,-74.276226
07022,40.82111,-74.003032
07023,40.641701,-74.385692
07024,40.85064,-73.971007
07026,40.879797,-74.10825
07027,40.651331,-74.323152
07028,40.804798,-74.204569
07029,40.74362,-74.154901
07030,40.745251,-74.027926
07031,40.786256,-74.12622
07032,40.752332,-74.123093
07033,40.678089,-74.288114
07034,40.87948,-74.380104
07035,40.927501,-74.308334
07036,40.624711,-74.239362
07039,40.785828,-74.3291
07040,40.733607,-74.271159
07041,40.722448,-74.301546
07042,40.813487,-74.219011
07043,40.844837,-74.200502
07044,40.832468,-74.242863
07045,40.906942,-74.365608
07046,40.890853,-74.442032
07047,40.793644,-74.025027
07050,40.76804,-74.235692
07052,40.785755,-74.265058
07054,40.853767,-74.401574
07055,40.857552,-74.129089
07057,40.853084,-74.106323
07058,40.869901,-74.344241
07059,40.634588,-74.519044
07060,40.616667,-74.422042
07062,40.631253,-74.403884
07063,40.605118,-74.444522
07064,40.567422,-74.244933
07065,40.607152,-74.280531
07066,40.62065,-74.309862
07067,40.589329,-74.311415
07068,40.821737,-74.310147
07069,40.642845,-74.436233
07070,40.820314,-74.106041
07071,40.797113,-74.11298
07072,40.826431,-74.062335
07073,40.817097,-74.085024
07074,40.838144,-74.055077
07075,40.850183,-74.087068
07076,40.633029,-74.372899
07077,40.554147,-74.25306
07078,40.742264,-74.327574
07079,40.748811,-74.261512
07080,40.574413,-74.4148
07081,40.697966,-74.334436
07082,40.926724,-74.345512
07083,40.695266,-74.269078
07086,40.76801,-74.017008
07087,40.767224,-74.032429
07088,40.718342,-74.283764
07090,40.651644,-74.343447
07092,40.680722,-74.360292
07093,40.786704,-74.008909
07094,40.781958,-74.067649
07095,40.552857,-74.286939
07102,40.735659,-74.173605
07103,40.738852,-74.195264
07104,40.767713,-74.16835
07105,40.723066,-74.138636
07106,40.741768,-74.230452
07107,40.762918,-74.186559
07108,40.723104,-74.200386
07109,40.793481,-74.161159
07110,40.820616,-74.15625
07111,40.723859,-74.232522
07112,40.711391,-74.211683
07114,40.697812,-74.17081
07201,40.671272,-74.177358
07202,40.652464,-74.216853
07203,40.652211,-74.260158
07204,40.665312,-74.266555
07205,40.695889,-74.2288
07206,40.652083,-74.183756
07208,40.672913,-74.224047
07302,40.718808,-74.044634
07304,40.717303,-74.076352
07305,40.693004,-74.06965
07306,40.736294,-74.071128
07307,40.751842,-74.053976
07310,40.727895,-74.033212
07311,40.719076,-74.032619
07401,41.032669,-74.133826
07403,41.020753,-74.332842
07405,40.987841,-74.378188
07407,40.904526,-74.119514
07410,40.93583,-74.117505
07416,41.108997,-74.588641
07417,41.007526,-74.205653
07418,41.242216,-74.486108
07419,41.154156,-74.57001
07420,41.029333,-74.302841
07421,41.17374,-74.352613
07422,41.173751,-74.446963
07423,40.9995,-74.096583
07424,40.882319,-74.205876
07430,41.082067,-74.183061
07432,40.995809,-74.141262
07435,41.040778,-74.44191
07436,41.031022,-74.240502
07438,41.029821,-74.521772
07439,41.08009,-74.597626
07440,40.946468,-74.29304
07442,41.002734,-74.286742
07444,40.967407,-74.306967
07446,41.059136,-74.145931
07450,40.981591,-74.113506
07452,40.959471,-74.125202
07456,41.097039,-74.262921
07457,40.995886,-74.314532
07458,41.046658,-74.096482
07460,41.114264,-74.493844
07461,41.247022,-74.610522
07462,41.198457,-74.495575
07463,41.013367,-74.125217
07465,41.04927,-74.292337
07470,40.945855,-74.245077
07480,41.08587,-74.37839
07481,40.999093,-74.168849
07501,40.911998,-74.170965
07502,40.919659,-74.195028
07503,40.897548,-74.154121
07504,40.912433,-74.140689
07505,40.917008,-74.171936
07506,40.956957,-74.158561
07508,40.955021,-74.183692
07512,40.903415,-74.219779
07513,40.904592,-74.148966
07514,40.924786,-74.144542
07522,40.923569,-74.179225
07524,40.931711,-74.15687
07601,40.889398,-74.045698
07603,40.874293,-74.029737
07604,40.861513,-74.073114
07605,40.863391,-73.988466
07606,40.864801,-74.048115
07607,40.902885,-74.063457
07608,40.849609,-74.061893
07620,40.968782,-73.916896
07621,40.922334,-73.998001
07624,40.97289,-73.960315
07626,40.940018,-73.958313
07627,40.954103,-73.954921
07628,40.945239,-73.992428
07630,40.97499,-74.023248
07631,40.891197,-73.972515
07632,40.884634,-73.944654
07640,40.991681,-73.980202
07641,40.962737,-73.99747
07642,41.007127,-74.045119
07643,40.843431,-74.034239
07644,40.877915,-74.0825
07645,41.054594,-74.047298
07646,40.934161,-74.019453
07647,41.009421,-73.941984
07648,40.992046,-73.950551
07649,40.956653,-74.032862
07650,40.847017,-73.997061
07652,40.947299,-74.070169
07656,41.036183,-74.044293
07657,40.832677,-74.014088
07660,40.854705,-74.019926
07661,40.927354,-74.039611
07662,40.906496,-74.078005
07663,40.903099,-74.093591
07666,40.890317,-74.011478
07670,40.918309,-73.950523
07675,41.003484,-74.001753
07676,40.988306,-74.064693
07677,41.025977,-74.061061
07701,40.360509,-74.078952
07702,40.32645,-74.057373
07703,40.314341,-74.046746
07704,40.36194,-74.038775
07711,40.237603,-74.006722
07712,40.246895,-74.054502
07716,40.402402,-74.036306
07717,40.191418,-74.015105
07718,40.419871,-74.085174
07719,40.168908,-74.073226
07720,40.201604,-74.012056
07721,40.435334,-74.235966
07722,40.287799,-74.166807
07723,40.250486,-74.002164
07724,40.298625,-74.074178
07726,40.286506,-74.342547
07727,40.205491,-74.157535
07728,40.225793,-74.285785
07730,40.424164,-74.173732
07731,40.149537,-74.203987
07732,40.430451,-73.990424
07733,40.374964,-74.173849
07734,40.444152,-74.136812
07735,40.450022,-74.2235
07737,40.406738,-74.063828
07738,40.335361,-74.132723
07739,40.336952,-74.034535
07740,40.295372,-73.989899
07746,40.32349,-74.254572
07747,40.41325,-74.257674
07748,40.3963,-74.115274
07750,40.335895,-73.985608
07751,40.35965,-74.261462
07753,40.210761,-74.074499
07755,40.26347,-74.023623
07756,40.21182,-74.006944
07757,40.315996,-74.017637
07758,40.434236,-74.100665
07760,40.371452,-74.003922
07762,40.153409,-74.033732
07764,40.287904,-74.020019
07801,40.901125,-74.564783
07803,40.878088,-74.601176
07820,40.928674,-74.798862
07821,40.966037,-74.754687
07822,41.138775,-74.708337
07823,40.823262,-75.046014
07825,40.982962,-74.961996
07826,41.163459,-74.815409
07827,41.280958,-74.730511
07828,40.884959,-74.755657
07830,40.719283,-74.794021
07831,40.739211,-74.946813
07832,40.944578,-75.067346
07833,40.892819,-75.069436
07834,40.88646,-74.487584
07836,40.843893,-74.709761
07838,40.88795,-74.911692
07840,40.860045,-74.831795
07842,40.944622,-74.500876
07843,40.939227,-74.659506
07844,40.908616,-74.969576
07846,40.966823,-74.876834
07847,40.887434,-74.619738
07848,41.097903,-74.680163
07849,40.964142,-74.612574
07850,40.906766,-74.659352
07851,41.200384,-74.856406
07852,40.883268,-74.668029
07853,40.787399,-74.78213
07856,40.916422,-74.626763
07857,40.897942,-74.693366
07860,41.057287,-74.802737
07863,40.807571,-74.957451
07865,40.793806,-74.898347
07866,40.954989,-74.488006
07869,40.84164,-74.578522
07870,40.804243,-74.820672
07871,41.046696,-74.627989
07874,40.928908,-74.709458
07876,40.85447,-74.657357
07878,40.871598,-74.47824
07880,40.880001,-74.876253
07881,41.123325,-74.934412
07882,40.75543,-75.01087
07885,40.910409,-74.599964
07901,40.714923,-74.366372
07920,40.682268,-74.554143
07921,40.656019,-74.678657
07922,40.67659,-74.427022
07924,40.72577,-74.591213
07926,40.801262,-74.570122
07927,40.823725,-74.456354
07928,40.724971,-74.415086
07930,40.781309,-74.68359
07931,40.681417,-74.616536
07932,40.777461,-74.392845
07933,40.695179,-74.456871
07934,40.729737,-74.666509
07935,40.735441,-74.451312
07936,40.818553,-74.363742
07939,40.667279,-74.552164
07940,40.760535,-74.41948
07945,40.780656,-74.601816
07946,40.677709,-74.508538
07950,40.846026,-74.482314
07960,40.779235,-74.502462
07961,40.781113,-74.435151
07970,40.809387,-74.571554
07974,40.696919,-74.403853
07976,40.72806,-74.479344
07977,40.711342,-74.651625
07979,40.711205,-74.730643
07980,40.676166,-74.494548
07981,40.824413,-74.426241
08001,39.54788,-75.346384
08002,39.934605,-75.025389
08003,39.885852,-74.971145
08004,39.755333,-74.830512
08005,39.755802,-74.306609
08006,39.751289,-74.10676
08007,39.865083,-75.053762
08008,39.623538,-74.206089
08009,39.760656,-74.93286
08010,40.053506,-74.918438
08011,39.975279,-74.713802
08012,39.783815,-75.056068
08014,39.812923,-75.36731
08015,39.931536,-74.54372
08016,40.068064,-74.832904
08019,39.765587,-74.530053
08020,39.794221,-75.222232
08021,39.806156,-75.000012
08022,40.06759,-74.705741
08023,39.688108,-75.496899
08026,39.833646,-74.969001
08027,39.828521,-75.294384
08028,39.692129,-75.124675
08029,39.840937,-75.067211
08030,39.889564,-75.118494
08031,39.866356,-75.09467
08032,39.780545,-75.059612
08033,39.892421,-75.036651
08034,39.9061,-75.000375
08035,39.879127,-75.065918
08036,39.977956,-74.836334
08037,39.631681,-74.773893
08038,39.470004,-75.490291
08039,39.685659,-75.277309
08041,40.038525,-74.684101
08042,40.013657,-74.662029
08043,39.84857,-74.952843
08045,39.867211,-75.029156
08046,40.02795,-74.886984
08048,39.95385,-74.803026
08049,39.854575,-75.038137
08050,39.712132,-74.231888
08051,39.784025,-75.175979
08052,39.952381,-74.994896
08053,39.856677,-74.90081
08054,39.948992,-74.900247
08055,39.862695,-74.822311
08056,39.783683,-75.255302
08057,39.979658,-74.941308
08059,39.884825,-75.092667
08060,40.010005,-74.792207
08061,39.79887,-75.205365
08062,39.716095,-75.219267
08063,39.867297,-75.185621
08064,39.93735,-74.616269
08065,40.002615,-75.035273
08066,39.835173,-75.233532
08067,39.739193,-75.411406
08068,39.961394,-74.665922
08069,39.703142,-75.450676
08070,39.619125,-75.516069
08071,39.731654,-75.134257
08072,39.544683,-75.412568
08073,40.009508,-74.866845
08074,39.716166,-75.16344
08075,40.029676,-74.948997
08077,40.000162,-74.991632
08078,39.853411,-75.075502
08079,39.542408,-75.431684
08080,39.757353,-75.122043
08081,39.732942,-74.976657
08083,39.841307,-75.028613
08084,39.82899,-75.015536
08085,39.753766,-75.33104
08086,39.851212,-75.185663
08087,39.603959,-74.382181
08088,39.837315,-74.695267
08089,39.713093,-74.831034
08090,39.797986,-75.148526
08091,39.807116,-74.924178
08092,39.647182,-74.284599
08093,39.861571,-75.132975
08094,39.650601,-74.959311
08095,39.649298,-74.858006
08096,39.829402,-75.129032
08097,39.81329,-75.15065
08098,39.639301,-75.329801
08102,39.952116,-75.121149
08103,39.935202,-75.112703
08104,39.916459,-75.111355
08105,39.95034,-75.096278
08106,39.890992,-75.073329
08107,39.908665,-75.084445
08108,39.915048,-75.062244
08109,39.94933,-75.04953
08110,39.971893,-75.057876
08201,39.423563,-74.493025
08202,39.09664,-74.739757
08203,39.421713,-74.392873
08204,38.971748,-74.916127
08205,39.482,-74.452637
08210,39.119187,-74.823188
08212,38.940414,-74.964284
08215,39.59012,-74.581951
08217,39.577032,-74.718816
08221,39.339936,-74.56447
08223,39.26952,-74.657118
08224,39.599334,-74.467435
08225,39.35834,-74.536312
08226,39.263784,-74.607753
08230,39.201062,-74.706753
08232,39.387525,-74.515196
08234,39.388393,-74.620728
08240,39.488059,-74.533973
08241,39.534798,-74.476099
08242,39.01738,-74.886908
08243,39.151013,-74.696319
08244,39.315511,-74.598278
08245,39.176509,-74.819028
08246,39.180965,-74.765806
08247,39.048975,-74.786219
08248,39.194963,-74.657546
08251,39.028823,-74.928921
08260,38.998347,-74.843302
08270,39.261356,-74.809092
08302,39.438613,-75.260646
08310,39.531437,-74.89681
08311,39.327866,-75.204035
08312,39.661422,-75.083899
08314,39.216102,-74.93774
08316,39.280176,-74.937365
08317,39.400688,-74.829634
08318,39.557653,-75.177717
08319,39.370409,-74.810816
08320,39.38508,-75.1606
08321,39.223596,-75.143169
08322,39.611102,-75.048771
08323,39.396273,-75.367551
08324,39.225767,-75.004014
08326,39.538415,-74.927717
08327,39.255595,-74.949509
08328,39.579668,-75.056375
08329,39.286852,-75.005708
08330,39.469337,-74.747162
08332,39.366217,-75.026853
08340,39.3933,-74.907257
08341,39.521486,-74.958651
08343,39.636348,-75.16756
08344,39.561745,-74.986037
08345,39.288457,-75.143586
08346,39.569548,-74.852086
08348,39.309933,-74.971365
08349,39.260936,-75.059259
08350,39.4907,-74.873641
08352,39.475445,-75.127242
08353,39.462418,-75.29244
08360,39.492354,-75.003447
08361,39.449369,-74.958827
08401,39.377337,-74.45107
08402,39.326385,-74.504473
08403,39.318497,-74.542405
08406,39.342046,-74.482626
08501,40.166258,-74.552543
08502,40.448217,-74.653244
08505,40.135589,-74.707255
08510,40.187207,-74.425013
08511,40.043738,-74.547654
08512,40.324357,-74.525526
08514,40.134245,-74.491732
08515,40.119177,-74.662894
08518,40.115503,-74.804028
08520,40.258126,-74.53931
08525,40.397716,-74.77952
08527,40.108665,-74.358602
08528,40.387108,-74.618915
08530,40.37002,-74.910161
08533,40.015589,-74.485083
08534,40.329422,-74.792789
08535,40.231908,-74.432033
08536,40.333076,-74.586628
08540,40.364728,-74.656314
08542,40.354517,-74.66056
08544,40.346492,-74.657848
08550,40.279953,-74.622116
08551,40.447111,-74.837285
08553,40.400347,-74.638922
08554,40.112984,-74.781093
08555,40.220742,-74.470155
08558,40.413411,-74.703745
08559,40.438986,-74.983625
08560,40.315492,-74.857016
08561,40.247399,-74.581329
08562,40.061957,-74.591878
08608,40.219081,-74.766843
08609,40.225747,-74.740906
08610,40.193643,-74.715963
08611,40.183615,-74.740319
08618,40.24934,-74.789968
08619,40.242301,-74.696408
08620,40.170087,-74.651309
08628,40.264418,-74.827047
08629,40.220644,-74.731246
08638,40.254018,-74.763385
08640,40.013969,-74.575016
08641,40.027985,-74.587819
08648,40.28449,-74.717487
08690,40.225833,-74.660096
08691,40.208319,-74.600928
08701,40.077069,-74.19851
08720,40.144999,-74.125502
08721,39.907407,-74.184817
08722,39.928405,-74.202189
08723,40.038584,-74.1116
08724,40.091032,-74.114395
08730,40.10841,-74.06217
08731,39.859886,-74.292741
08732,39.941804,-74.143842
08733,40.026868,-74.363674
08734,39.862916,-74.166413
08735,39.996988,-74.077635
08736,40.120018,-74.053257
08738,40.024765,-74.059612
08740,39.928358,-74.127773
08741,39.936339,-74.167247
08742,40.080812,-74.059117
08750,40.133372,-74.041501
08751,39.949634,-74.079516
08752,39.83664,-74.090181
08753,39.979668,-74.150739
08755,40.008534,-74.221768
08757,39.960591,-74.260843
08758,39.794543,-74.253337
08759,39.961826,-74.359828
08801,40.629609,-74.89049
08802,40.684264,-75.023286
08804,40.646656,-75.09576
08805,40.570639,-74.537551
08807,40.592434,-74.61884
08809,40.646036,-74.924609
08810,40.368285,-74.490999
08812,40.598731,-74.478793
08816,40.429119,-74.416287
08817,40.514655,-74.393104
08820,40.576806,-74.36575
08821,40.520721,-74.688338
08822,40.521995,-74.866644
08823,40.438609,-74.565211
08824,40.420727,-74.553458
08825,40.514189,-75.027157
08826,40.716574,-74.912125
08827,40.668424,-74.968377
08828,40.378417,-74.423384
08829,40.670111,-74.890212
08830,40.570142,-74.316371
08831,40.334341,-74.432502
08832,40.511399,-74.318496
08833,40.645542,-74.816261
08835,40.541791,-74.588588
08836,40.596376,-74.55732
08837,40.514281,-74.343859
08840,40.543139,-74.358981
08844,40.497692,-74.670505
08846,40.574627,-74.498259
08848,40.594266,-75.096659
08850,40.449151,-74.440313
08852,40.389909,-74.544087
08853,40.527314,-74.742043
08854,40.539658,-74.462791
08857,40.392789,-74.330397
08858,40.682681,-74.737038
08859,40.458172,-74.303799
08861,40.520494,-74.272943
08863,40.537238,-74.312222
08865,40.708226,-75.147073
08867,40.574456,-74.966101
08869,40.571344,-74.646026
08872,40.455736,-74.351468
08873,40.499667,-74.531844
08876,40.589554,-74.685411
08879,40.46641,-74.278625
08880,40.553947,-74.527455
08882,40.445652,-74.378459
08884,40.393613,-74.392737
08886,40.68764,-75.100726
08887,40.521516,-74.795943
08889,40.609021,-74.754216
08890,40.539047,-74.575409
08901,40.483638,-74.44246
08902,40.441513,-74.491214
08904,40.500795,-74.427911
10001,40.750649,-73.997298
10002,40.715969,-73.986895
10003,40.731865,-73.989124
10004,40.689805,-74.017389
10005,40.706215,-74.008687
10006,40.70949,-74.013054
10007,40.713868,-74.007866
10009,40.726392,-73.978604
10010,40.739045,-73.982616
10011,40.74184,-74.000528
10012,40.725625,-73.997936
10013,40.720051,-74.004809
10014,40.734145,-74.006026
10016,40.745182,-73.978053
10017,40.752387,-73.972678
10018,40.755327,-73.992696
10019,40.765735,-73.985065
10020,40.759174,-73.980715
10021,40.76964,-73.959018
10022,40.75857,-73.96793
10023,40.774567,-73.979016
10024,40.78566,-73.971269
10025,40.798251,-73.968336
10026,40.802978,-73.953529
10027,40.812657,-73.954983
10028,40.776447,-73.953383
10029,40.792249,-73.947333
10030,40.818247,-73.942834
10031,40.824804,-73.950206
10032,40.839041,-73.942812
10033,40.847476,-73.93551
10034,40.867076,-73.924312
10035,40.795251,-73.930418
10036,40.759792,-73.990685
10037,40.813027,-73.937714
10038,40.709264,-74.002903
10039,40.826287,-73.937526
10040,40.858097,-73.9296
10044,40.761907,-73.949967
10065,40.764689,-73.963264
10069,40.777382,-73.98883
10075,40.773413,-73.956291
10103,40.76078,-73.97767
10110,40.754499,-73.982256
10111,40.759531,-73.978585
10112,40.758904,-73.979044
10115,40.810852,-73.963744
10119,40.750644,-73.992733
10128,40.781498,-73.950199
10152,40.758404,-73.972031
10153,40.763622,-73.972439
10154,40.757779,-73.972487
10162,40.769267,-73.949795
10165,40.752131,-73.978722
10167,40.754648,-73.974771
10168,40.751448,-73.977103
10169,40.754515,-73.976393
10170,40.752625,-73.975877
10171,40.755899,-73.973858
10172,40.755273,-73.974315
10173,40.754131,-73.979364
10174,40.751441,-73.975003
10177,40.755139,-73.975934
10199,40.751383,-73.997152
10271,40.708236,-74.010541
10278,40.715138,-74.003717
10279,40.712626,-74.008669
10280,40.709705,-74.016586
10282,40.716381,-74.015004
10301,40.627505,-74.094377
10302,40.630806,-74.137664
10303,40.629885,-74.17413
10304,40.605965,-74.093535
10305,40.596549,-74.075779
10306,40.571714,-74.124264
10307,40.507753,-74.242091
10308,40.552828,-74.151525
10309,40.529842,-74.219777
10310,40.632612,-74.116148
10311,40.605231,-74.179534
10312,40.545237,-74.180443
10314,40.600699,-74.164314
10451,40.822168,-73.922616
10452,40.837791,-73.923339
10453,40.852508,-73.913291
10454,40.805583,-73.916595
10455,40.814798,-73.908601
10456,40.830669,-73.908161
10457,40.845707,-73.897923
10458,40.862486,-73.886448
10459,40.825692,-73.892998
10460,40.842344,-73.879062
10461,40.846741,-73.840788
10462,40.843267,-73.860417
10463,40.886345,-73.901547
10464,40.869594,-73.795848
10465,40.827329,-73.82217
10466,40.890964,-73.846239
10467,40.875262,-73.872027
10468,40.86894,-73.899995
10469,40.868509,-73.846691
10470,40.889527,-73.872585
10471,40.899984,-73.906751
10472,40.829685,-73.869373
10473,40.81869,-73.858474
10474,40.81134,-73.885173
10475,40.875635,-73.826934
10501,41.295591,-73.759425
10502,41.011282,-73.840846
10503,41.026556,-73.87531
10504,41.128468,-73.707521
10505,41.342072,-73.747803
10506,41.189652,-73.638509
10507,41.232188,-73.691689
10509,41.410855,-73.59434
10510,41.139472,-73.835704
10511,41.263168,-73.944966
10512,41.447747,-73.709884
10514,41.172119,-73.769217
10516,41.461973,-73.874913
10517,41.298466,-73.86014
10518,41.266143,-73.588296
10519,41.347163,-73.663362
10520,41.226601,-73.867641
10522,41.009696,-73.863304
10523,41.059498,-73.819254
10524,41.375325,-73.926217
10526,41.294095,-73.6594
10527,41.321169,-73.76994
10528,40.975047,-73.724926
10530,41.023712,-73.81281
10532,41.100261,-73.80073
10533,41.036927,-73.854864
10535,41.335169,-73.793919
10536,41.269182,-73.688726
10537,41.344088,-73.881002
10538,40.937752,-73.756473
10540,41.325982,-73.727712
10541,41.382046,-73.751818
10542,41.371147,-73.764367
10543,40.952693,-73.73604
10545,41.178573,-73.835465
10546,41.196605,-73.800569
10547,41.313334,-73.846039
10548,41.244987,-73.938738
10549,41.200584,-73.723498
10550,40.905448,-73.835253
10552,40.923972,-73.825555
10553,40.908607,-73.821566
10560,41.340527,-73.597609
10562,41.194423,-73.825285
10566,41.289483,-73.916847
10567,41.288405,-73.895008
10570,41.128068,-73.78922
10573,41.015742,-73.677303
10576,41.221577,-73.572332
10577,41.038225,-73.710736
10578,41.314083,-73.677051
10579,41.395364,-73.839053
10580,40.979049,-73.693202
10583,40.988647,-73.788879
10588,41.331483,-73.828476
10589,41.332433,-73.692669
10590,41.256234,-73.53786
10591,41.082659,-73.848578
10594,41.115794,-73.770977
10595,41.087378,-73.780369
10596,41.255981,-73.959468
10597,41.293021,-73.596568
10598,41.282372,-73.796206
10601,41.03289,-73.764783
10603,41.054219,-73.780227
10604,41.071512,-73.747093
10605,41.010566,-73.745129
10606,41.020695,-73.775877
10607,41.039089,-73.811368
10701,40.946966,-73.88042
10703,40.957649,-73.881135
10704,40.919729,-73.862651
10705,40.919339,-73.889335
10706,40.990503,-73.869502
10707,40.959633,-73.82294
10708,40.938267,-73.829922
10709,40.954635,-73.808184
10710,40.969635,-73.845691
10801,40.91757,-73.784858
10803,40.899532,-73.805883
10804,40.946859,-73.788035
10805,40.88637,-73.757674
10901,41.155398,-74.129008
10910,41.28157,-74.137957
10911,41.308426,-73.995965
10913,41.068872,-73.956016
10914,41.417717,-74.200026
10915,41.54018,-74.356996
10916,41.449335,-74.244749
10917,41.321824,-74.108011
10918,41.344192,-74.262177
10919,41.525959,-74.387618
10920,41.156495,-73.938239
10921,41.332065,-74.363422
10922,41.336897,-73.987572
10923,41.203116,-74.002718
10924,41.381156,-74.352485
10925,41.185855,-74.288878
10926,41.255799,-74.127856
10927,41.191052,-73.967562
10928,41.34897,-73.998495
10930,41.382395,-74.114404
10931,41.127177,-74.170503
10932,41.48216,-74.464285
10933,41.368021,-74.512999
10940,41.446544,-74.478741
10941,41.490413,-74.345272
10950,41.317346,-74.199881
10952,41.111118,-74.07854
10953,41.405855,-74.077917
10954,41.099198,-74.013021
10956,41.154436,-73.994072
10958,41.379275,-74.423769
10960,41.088841,-73.926471
10962,41.049007,-73.962103
10963,41.466587,-74.540707
10964,41.016357,-73.914268
10965,41.061561,-74.007832
10968,41.037017,-73.921259
10969,41.294858,-74.488006
10970,41.18436,-74.062727
10973,41.380516,-74.480462
10974,41.159484,-74.189903
10975,41.257008,-74.167732
10976,41.02296,-73.928488
10977,41.118914,-74.048154
10979,41.18237,-74.318814
10980,41.239234,-74.056261
10983,41.031088,-73.947703
10984,41.203123,-74.022156
10985,41.577032,-74.358035
10986,41.285209,-73.998672
10987,41.199212,-74.224545
10988,41.301494,-74.562447
10989,41.122955,-73.938031
10990,41.267448,-74.364011
10992,41.426089,-74.164664
10993,41.209904,-73.973872
10994,41.098072,-73.972649
10996,41.3937,-73.972175
10998,41.324076,-74.541179
11001,40.723317,-73.704949
11003,40.699176,-73.706166
11004,40.746191,-73.711507
11005,40.756643,-73.71424
11010,40.700653,-73.675133
11020,40.771442,-73.714819
11021,40.784319,-73.731488
11023,40.798909,-73.733653
11024,40.816251,-73.742872
11030,40.793409,-73.688549
11040,40.745347,-73.680292
11042,40.758542,-73.697451
11050,40.839895,-73.693123
11096,40.621346,-73.75699
11101,40.747113,-73.939708
11102,40.7716,-73.925603
11103,40.762596,-73.913282
11104,40.744845,-73.920468
11105,40.779087,-73.906522
11106,40.762211,-73.931528
11109,40.746616,-73.957009
11201,40.6937,-73.989859
11203,40.649569,-73.934327
11204,40.618815,-73.984942
11205,40.696891,-73.968074
11206,40.70187,-73.942552
11207,40.670157,-73.893835
11208,40.674847,-73.87248
11209,40.621803,-74.03015
11210,40.62806,-73.946309
11211,40.714084,-73.945168
11212,40.662905,-73.913071
11213,40.671155,-73.936266
11214,40.59969,-73.996372
11215,40.662688,-73.98674
11216,40.680844,-73.949222
11217,40.681671,-73.978529
11218,40.64312,-73.976446
11219,40.63262,-73.99677
11220,40.641026,-74.016688
11221,40.691426,-73.927626
11222,40.72779,-73.947605
11223,40.597091,-73.973469
11224,40.577372,-73.988706
11225,40.663119,-73.953867
11226,40.646409,-73.956663
11228,40.616725,-74.013432
11229,40.601293,-73.944493
11230,40.622089,-73.96519
11231,40.677916,-74.005154
11232,40.656541,-74.005182
11233,40.678301,-73.919932
11234,40.607723,-73.910649
11235,40.58422,-73.943167
11236,40.639413,-73.900664
11237,40.70416,-73.921139
11238,40.671331,-73.965937
11239,40.64689,-73.864014
11249,40.704501,-73.966002
11354,40.768213,-73.827392
11355,40.751435,-73.821227
11356,40.784871,-73.841528
11357,40.785129,-73.810037
11358,40.760363,-73.796525
11359,40.791605,-73.776724
11360,40.780419,-73.781838
11361,40.764191,-73.772775
11362,40.760204,-73.732417
11363,40.772348,-73.746292
11364,40.746251,-73.756062
11365,40.739634,-73.79449
11366,40.731121,-73.780458
11367,40.730474,-73.822749
11368,40.749737,-73.853045
11369,40.763491,-73.87222
11370,40.765393,-73.894216
11371,40.774411,-73.873272
11372,40.751719,-73.88367
11373,40.738945,-73.878561
11374,40.726457,-73.861459
11375,40.722975,-73.843179
11377,40.744775,-73.90516
11378,40.724744,-73.909639
11379,40.717061,-73.880519
11385,40.700647,-73.889423
11411,40.694064,-73.736265
11412,40.69802,-73.759081
11413,40.67117,-73.752063
11414,40.657604,-73.844804
11415,40.708085,-73.828044
11416,40.684586,-73.849713
11417,40.676406,-73.844595
11418,40.700315,-73.836019
11419,40.688612,-73.823062
11420,40.673502,-73.817702
11421,40.694035,-73.858659
11422,40.660787,-73.73757
11423,40.715669,-73.768299
11424,40.713968,-73.828087
11426,40.736407,-73.722357
11427,40.730942,-73.745716
11428,40.720993,-73.742203
11429,40.709556,-73.73848
11430,40.646965,-73.787295
11432,40.714934,-73.792955
11433,40.69809,-73.786752
11434,40.677857,-73.777073
11435,40.70108,-73.80964
11436,40.675864,-73.796647
11439,40.721935,-73.794587
11451,40.701188,-73.795778
11501,40.74633,-73.639178
11507,40.770829,-73.652103
11509,40.587963,-73.728528
11510,40.650127,-73.607709
11514,40.749778,-73.61291
11516,40.626223,-73.726779
11518,40.637472,-73.666807
11520,40.649401,-73.582951
11530,40.726854,-73.637009
11542,40.872605,-73.628622
11545,40.826321,-73.589365
11547,40.829066,-73.644718
11548,40.811078,-73.613879
11549,40.719009,-73.599677
11550,40.701475,-73.621108
11552,40.691752,-73.654204
11553,40.705272,-73.592328
11554,40.720115,-73.558861
11556,40.719939,-73.583402
11557,40.636083,-73.693921
11558,40.605357,-73.649046
11559,40.602924,-73.714434
11560,40.880757,-73.588724
11561,40.590904,-73.644668
11563,40.657434,-73.674104
11565,40.67502,-73.671722
11566,40.662291,-73.556443
11568,40.786614,-73.597169
11569,40.590374,-73.580415
11570,40.665341,-73.638921
11572,40.631772,-73.636624
11575,40.680422,-73.584877
11576,40.796569,-73.646885
11577,40.782867,-73.639109
11579,40.844018,-73.644089
11580,40.6749,-73.702154
11581,40.651028,-73.715325
11590,40.755182,-73.574338
11596,40.759718,-73.64222
11598,40.630935,-73.712339
11691,40.602096,-73.761794
11692,40.594154,-73.791986
11693,40.591662,-73.809668
11694,40.575314,-73.851235
11697,40.557132,-73.913722
11701,40.682451,-73.414382
11702,40.636151,-73.383775
11703,40.732676,-73.325003
11704,40.715775,-73.359257
11705,40.743264,-73.05585
11706,40.710632,-73.242913
11709,40.906313,-73.558244
11710,40.672203,-73.534825
11713,40.778396,-72.942761
11714,40.742649,-73.486164
11715,40.750968,-73.034924
11716,40.777011,-73.13509
11717,40.784072,-73.252235
11718,40.716435,-73.261514
11719,40.776671,-72.907833
11720,40.87024,-73.082046
11721,40.902425,-73.371427
11722,40.78358,-73.196618
11724,40.864322,-73.456406
11725,40.840584,-73.280817
11726,40.678993,-73.394445
11727,40.880174,-73.003691
11729,40.761136,-73.32526
11730,40.727603,-73.18495
11731,40.862614,-73.31704
11732,40.842406,-73.539303
11733,40.940235,-73.11278
11735,40.732747,-73.432789
11738,40.837767,-73.037682
11739,40.710579,-73.165716
11740,40.865347,-73.361205
11741,40.794727,-73.070427
11742,40.810354,-73.041875
11743,40.883412,-73.423563
11746,40.814268,-73.362276
11747,40.783762,-73.409295
11749,40.806766,-73.170802
11751,40.730486,-73.213924
11752,40.758346,-73.174234
11753,40.789721,-73.541036
11754,40.885566,-73.249901
11755,40.857817,-73.116844
11756,40.724512,-73.516326
11757,40.689009,-73.37335
11758,40.653822,-73.457076
11762,40.682744,-73.446664
11763,40.825275,-72.982436
11764,40.92986,-72.973063
11765,40.882132,-73.558968
11766,40.939219,-73.018666
11767,40.847754,-73.145703
11768,40.923631,-73.339309
11769,40.734504,-73.125222
11770,40.649645,-73.140324
11771,40.87373,-73.5253
11772,40.76178,-72.987407
11776,40.913456,-73.045674
11777,40.956068,-73.066659
11778,40.948046,-72.937093
11779,40.812958,-73.11449
11780,40.911113,-73.172509
11782,40.736729,-73.079999
11783,40.677612,-73.490014
11784,40.868615,-73.042202
11786,40.951398,-72.888417
11787,40.852924,-73.21126
11788,40.818085,-73.21319
11789,40.962028,-72.971008
11790,40.907804,-73.127479
11791,40.827771,-73.502767
11792,40.955033,-72.825569
11793,40.647228,-73.51146
11794,40.91919,-73.125015
11795,40.709005,-73.296337
11796,40.731247,-73.099419
11797,40.820208,-73.47245
11798,40.752632,-73.378372
11801,40.762304,-73.524452
11803,40.781771,-73.473118
11804,40.758116,-73.456946
11901,40.928102,-72.648249
11930,40.991419,-72.114455
11931,40.932628,-72.622259
11932,40.9265,-72.305037
11933,40.942231,-72.765594
11934,40.802046,-72.795166
11935,41.021223,-72.486958
11937,40.994548,-72.198754
11939,41.138956,-72.318687
11940,40.808772,-72.756601
11941,40.829543,-72.723395
11942,40.848578,-72.572159
11944,41.102475,-72.373228
11946,40.864652,-72.518104
11947,40.94301,-72.581883
11948,40.960725,-72.54988
11949,40.866503,-72.804643
11950,40.806142,-72.847182
11951,40.765722,-72.836722
11952,41.001648,-72.547599
11953,40.892509,-72.951175
11954,41.046357,-71.948827
11955,40.813511,-72.823823
11956,40.991089,-72.472124
11957,41.202981,-72.117081
11958,41.039067,-72.464419
11959,40.83029,-72.60976
11960,40.810615,-72.706062
11961,40.903814,-72.88588
11962,40.930895,-72.268719
11963,41.001696,-72.31962
11964,41.049483,-72.302316
11965,41.082501,-72.303379
11967,40.801566,-72.878028
11968,40.900359,-72.428605
11970,40.941972,-72.572477
11971,41.064714,-72.42906
11972,40.822663,-72.700008
11973,40.865846,-72.887206
11975,40.948268,-72.249625
11976,40.929237,-72.34741
11977,40.828481,-72.679186
11978,40.825621,-72.637502
11980,40.831662,-72.924805
94002,37.513447,-122.296824
94005,37.688826,-122.408935
94010,37.571918,-122.375028
94014,37.690686,-122.447738
94015,37.681313,-122.480852
94018,37.505997,-122.473318
94019,37.455666,-122.407966
94020,37.268977,-122.221545
94021,37.250345,-122.249636
94022,37.35536,-122.144935
94024,37.350388,-122.098686
94025,37.451252,-122.182343
94027,37.457072,-122.201058
94028,37.374883,-122.212675
94030,37.59971,-122.4033
94037,37.553301,-122.495834
94038,37.53572,-122.473676
94040,37.380272,-122.085221
94041,37.388239,-122.075351
94043,37.411913,-122.068919
94044,37.606598,-122.47723
94060,37.247137,-122.273493
94061,37.461147,-122.236948
94062,37.422531,-122.28582
94063,37.493306,-122.195606
94065,37.533418,-122.249558
94066,37.625389,-122.432356
94070,37.496469,-122.272556
94074,37.331714,-122.341466
94080,37.655175,-122.418384
94085,37.388617,-122.017933
94086,37.371634,-122.023202
94087,37.351615,-122.03668
94089,37.412402,-122.015605
94102,37.779562,-122.419293
94103,37.772983,-122.411343
94104,37.791412,-122.402129
94105,37.791575,-122.393733
94107,37.758547,-122.39954
94108,37.791886,-122.408517
94109,37.794485,-122.42227
94110,37.750021,-122.415201
94111,37.798359,-122.399201
94112,37.720546,-122.443166
94114,37.758208,-122.435556
94115,37.786029,-122.437366
94116,37.745399,-122.486065
94117,37.770051,-122.44428
94118,37.780146,-122.46153
94121,37.778591,-122.495912
94122,37.760459,-122.483894
94123,37.802045,-122.433969
94124,37.728995,-122.381315
94127,37.736027,-122.457207
94128,37.621955,-122.383797
94129,37.79734,-122.464466
94130,37.819655,-122.36866
94131,37.745917,-122.441473
94132,37.722214,-122.484083
94133,37.801962,-122.411
94134,37.718849,-122.411297
94158,37.772534,-122.388384
94188,37.74071,-122.380921
94301,37.444218,-122.149855
94303,37.457883,-122.115097
94304,37.397253,-122.166979
94305,37.418256,-122.170871
94306,37.4162,-122.130858
94401,37.575172,-122.319881
94402,37.540103,-122.330103
94403,37.538449,-122.305447
94404,37.555999,-122.267679
94501,37.774712,-122.278097
94502,37.739495,-122.239465
94503,38.187926,-122.223647
94505,37.871268,-121.596984
94506,37.806426,-121.902424
94507,37.85429,-122.006599
94508,38.585784,-122.444202
94509,37.992003,-121.812566
94510,38.113205,-122.119708
94511,38.02813,-121.629851
94512,38.13115,-121.821736
94513,37.924899,-121.686724
94514,37.825646,-121.634353
94515,38.635718,-122.615085
94516,37.827495,-122.1663
94517,37.891077,-121.893056
94518,37.950521,-122.022078
94519,37.988804,-122.012764
94520,37.993028,-122.035251
94521,37.95291,-121.969696
94523,37.954163,-122.075772
94525,38.048073,-122.229208
94526,37.814734,-121.984525
94528,37.841477,-121.958154
94530,37.920742,-122.300635
94531,37.956648,-121.77779
94533,38.280745,-122.00638
94534,38.241946,-122.118272
94535,38.270937,-121.937017
94536,37.570508,-121.98125
94538,37.501368,-121.956753
94539,37.516292,-121.911891
94541,37.673757,-122.087823
94542,37.65532,-122.025826
94544,37.633507,-122.056772
94545,37.629761,-122.124238
94546,37.745399,-122.103127
94547,38.006586,-122.25716
94548,37.974295,-121.651441
94549,37.901137,-122.119081
94550,37.519983,-121.575595
94551,37.750512,-121.749249
94552,37.705778,-122.007585
94553,37.978299,-122.157109
94555,37.547594,-122.09822
94556,37.831971,-122.105922
94558,38.389135,-122.188412
94559,38.251125,-122.296089
94560,37.504253,-122.03191
94561,37.993485,-121.691219
94562,38.430651,-122.408853
94563,37.873867,-122.205312
94564,37.990555,-122.272499
94565,38.008595,-121.928315
94566,37.648731,-121.848024
94567,38.667018,-122.407012
94568,37.715966,-121.901141
94569,38.044092,-122.191943
94571,38.152071,-121.759773
94572,38.023858,-122.232788
94573,38.458864,-122.428831
94574,38.542448,-122.419923
94575,37.840961,-122.109502
94576,38.549256,-122.4758
94577,37.716659,-122.169274
94578,37.706765,-122.125565
94579,37.6865,-122.157215
94580,37.678001,-122.133367
94582,37.765347,-121.915432
94583,37.771693,-121.989829
94585,38.191832,-121.938269
94586,37.567125,-121.852246
94587,37.590008,-122.075187
94588,37.792648,-121.862807
94589,38.141467,-122.24687
94590,38.095789,-122.249689
94591,38.127191,-122.196855
94592,38.090998,-122.285418
94595,37.872087,-122.068971
94596,37.889009,-122.036778
94597,37.917697,-122.071818
94598,37.916916,-122.014917
94599,38.399483,-122.380238
94601,37.77576,-122.218572
94602,37.805235,-122.204229
94603,37.739266,-122.175548
94605,37.761408,-122.150198
94606,37.791366,-122.244513
94607,37.808842,-122.304697
94608,37.836844,-122.289143
94609,37.834816,-122.264195
94610,37.812329,-122.240377
94611,37.831917,-122.215793
94612,37.807709,-122.266857
94613,37.78072,-122.183029
94618,37.844821,-122.238552
94619,37.792612,-122.160084
94621,37.75113,-122.210178
94702,37.866321,-122.286348
94703,37.863715,-122.275684
94704,37.866417,-122.260922
94705,37.865205,-122.238384
94706,37.889698,-122.295858
94707,37.89836,-122.27909
94708,37.903067,-122.26194
94709,37.878291,-122.266252
94710,37.863923,-122.306465
94720,37.871957,-122.252198
94801,37.949245,-122.397198
94803,37.95684,-122.282358
94804,37.915463,-122.337815
94805,37.942209,-122.323545
94806,37.978427,-122.336418
94901,37.980709,-122.500606
94903,38.02213,-122.55881
94904,37.947225,-122.551775
94920,37.886768,-122.462619
94922,38.356806,-122.950945
94923,38.339415,-123.034525
94924,37.966904,-122.738816
94925,37.931846,-122.507738
94928,38.34593,-122.693507
94929,38.254528,-122.962371
94930,37.969793,-122.61533
94931,38.325172,-122.716977
94933,38.017502,-122.688148
94937,38.116482,-122.930353
94938,38.030237,-122.729513
94939,37.938252,-122.535948
94940,38.203971,-122.891482
94941,37.924775,-122.600183
94945,38.122687,-122.553142
94946,38.074734,-122.695265
94947,38.1062,-122.624985
94949,38.060094,-122.50641
94950,38.021161,-122.761734
94951,38.322548,-122.644894
94952,38.234553,-122.760385
94954,38.23501,-122.557369
94956,38.021454,-122.81817
94957,37.963421,-122.561808
94960,37.997023,-122.578338
94963,38.00761,-122.664748
94964,37.940595,-122.490712
94965,37.837347,-122.527482
94970,37.925882,-122.659833
94971,38.233029,-122.896959
94972,38.336642,-122.939307
94973,38.012591,-122.6394
95002,37.438672,-122.011582
95003,37.0067,-121.878207
95004,36.874755,-121.630732
95005,37.098363,-122.089295
95006,37.171267,-122.149524
95007,37.110125,-122.114345
95008,37.279173,-121.955565
95010,36.976355,-121.954723
95012,36.788828,-121.734889
95013,37.215315,-121.739614
95014,37.308354,-122.081882
95017,37.094684,-122.237466
95018,37.083874,-122.059898
95019,36.935853,-121.784476
95020,37.01621,-121.559418
95023,36.919993,-121.322188
95030,37.221646,-121.983242
95032,37.18014,-121.901553
95033,37.158275,-121.973678
95035,37.440397,-121.874693
95037,37.13182,-121.681247
95039,36.827745,-121.76529
95041,37.050534,-122.058279
95043,36.518177,-120.982913
95045,36.825807,-121.518565
95046,37.099308,-121.59924
95050,37.350431,-121.952405
95051,37.348311,-121.984435
95053,37.348462,-121.937271
95054,37.3931,-121.964796
95060,36.9932,-122.0984
95062,36.973969,-121.989846
95064,36.991596,-122.058868
95065,37.032242,-121.984402
95066,37.067198,-122.014521
95070,37.254929,-122.052181
95073,37.04068,-121.93174
95075,36.793553,-121.191975
95076,36.945781,-121.756058
95110,37.346572,-121.909747
95111,37.283853,-121.826869
95112,37.344599,-121.88344
95113,37.334013,-121.890443
95116,37.350471,-121.852554
95117,37.310072,-121.962184
95118,37.255364,-121.891912
95119,37.226971,-121.788682
95120,37.185746,-121.842738
95121,37.304611,-121.809773
95122,37.329224,-121.834821
95123,37.244238,-121.831604
95124,37.256831,-121.922815
95125,37.295599,-121.894071
95126,37.326922,-121.916779
95127,37.371671,-121.787097
95128,37.315884,-121.936431
95129,37.305958,-122.00072
95130,37.277676,-121.986238
95131,37.387267,-121.897948
95132,37.418446,-121.787978
95133,37.371723,-121.860556
95134,37.430021,-121.945263
95135,37.223357,-121.525695
95136,37.271379,-121.852512
95138,37.245612,-121.748865
95139,37.224877,-121.763856
95140,37.351498,-121.640881
95148,37.333429,-121.781668
95202,37.959736,-121.288287
95203,37.954302,-121.32932
95204,37.973736,-121.319246
95205,37.964578,-121.259841
95206,37.908471,-121.395306
95207,38.002125,-121.324979
95209,38.046863,-121.352802
95210,38.031786,-121.297886
95211,37.980264,-121.311149
95212,38.049939,-121.23297
95215,37.949395,-121.157059
95219,38.037428,-121.512498
95220,38.200231,-121.235031
95221,38.072286,-120.548466
95222,38.05133,-120.590173
95223,38.446323,-119.812958
95224,38.231324,-120.322688
95225,38.202552,-120.864148
95226,38.237473,-120.86645
95227,38.210353,-121.051256
95228,37.907265,-120.688327
95230,37.99765,-120.894682
95231,37.873793,-121.290146
95232,38.360526,-120.577243
95233,38.186187,-120.368557
95236,38.044271,-121.039254
95237,38.153954,-121.146561
95240,38.123544,-121.159078
95242,38.137068,-121.384546
95245,38.302747,-120.609465
95246,38.249708,-120.488857
95247,38.136093,-120.443942
95248,38.317709,-120.461112
95249,38.18995,-120.619555
95251,38.080062,-120.45358
95252,38.158628,-120.843247
95253,38.147169,-121.195284
95254,38.199838,-120.964242
95255,38.419852,-120.480023
95257,38.379926,-120.468017
95258,38.172065,-121.308915
95301,37.306149,-120.655999
95303,37.470288,-120.671083
95304,37.680641,-121.381561
95305,37.815927,-120.361092
95306,37.362898,-120.119424
95307,37.555809,-120.953852
95309,37.87142,-120.432387
95310,38.085839,-120.37855
95311,37.705686,-120.091035
95312,37.421071,-120.652983
95313,37.417958,-121.051042
95315,37.422791,-120.774354
95316,37.539625,-120.668689
95317,37.12738,-120.506433
95318,37.666045,-119.807549
95319,37.629004,-120.885131
95320,37.818556,-121.006905
95321,37.931691,-119.836151
95322,37.18197,-121.019969
95323,37.604536,-120.68369
95324,37.393149,-120.898989
95325,37.480803,-120.244862
95326,37.589098,-120.855436
95327,37.84753,-120.486557
95328,37.558036,-120.909415
95329,37.67763,-120.41805
95330,37.81345,-121.317273
95333,37.244674,-120.242741
95334,37.349677,-120.751284
95335,38.124887,-120.093146
95336,37.830267,-121.20102
95337,37.743039,-121.23838
95338,37.507011,-119.983789
95340,37.340087,-120.406406
95341,37.231045,-120.501072
95345,37.590894,-119.96346
95346,38.070475,-120.173353
95348,37.420522,-120.499608
95350,37.67173,-121.007285
95351,37.624124,-120.997319
95354,37.639029,-120.964772
95355,37.672906,-120.946594
95356,37.718573,-121.032309
95357,37.671153,-120.886268
95358,37.611634,-121.107858
95360,37.326002,-121.038891
95361,37.79219,-120.785662
95363,37.373888,-121.251453
95364,38.2247,-119.759979
95365,37.301183,-120.331482
95366,37.762766,-121.125277
95367,37.7297,-120.946758
95368,37.713269,-121.085404
95369,37.525404,-120.40425
95370,37.984401,-120.348066
95372,37.991289,-120.262791
95374,37.316807,-120.855753
95375,38.225689,-119.960116
95376,37.736819,-121.433998
95377,37.674004,-121.516857
95379,37.966386,-120.212648
95380,37.47423,-120.875248
95382,37.527558,-120.851106
95383,38.092995,-120.232807
95385,37.609821,-121.248495
95386,37.66729,-120.622092
95387,37.554375,-121.244651
95388,37.421299,-120.599587
95389,37.784127,-119.428263
95391,37.78079,-121.598048
95401,38.449137,-122.793752
95403,38.503685,-122.754057
95404,38.525733,-122.690443
95405,38.438136,-122.669057
95407,38.394656,-122.745932
95409,38.468485,-122.582138
95410,39.23494,-123.699854
95412,38.712606,-123.314146
95415,39.020509,-123.367549
95417,39.687908,-123.650699
95419,38.423469,-122.958181
95420,39.359358,-123.766011
95421,38.583569,-123.18267
95422,38.985515,-122.642535
95423,39.067376,-122.62972
95425,38.823053,-123.063859
95426,38.833425,-122.734061
95427,39.253239,-123.569247
95428,39.824803,-123.179609
95429,39.756049,-123.358701
95430,38.461425,-123.047186
95431,38.349069,-122.516176
95432,39.108492,-123.64542
95435,39.003149,-122.874798
95436,38.486828,-122.905617
95437,39.443949,-123.68592
95439,38.490556,-122.775906
95441,38.721626,-123.047292
95442,38.378218,-122.516487
95443,39.050131,-122.739631
95444,38.432624,-122.869241
95445,38.83252,-123.472532
95446,38.519427,-123.010679
95448,38.622985,-122.889121
95449,38.936137,-123.119445
95450,38.509805,-123.208042
95451,38.922136,-122.789564
95452,38.429598,-122.536744
95453,39.045931,-122.941077
95454,39.784048,-123.49579
95456,39.258886,-123.759164
95457,38.924036,-122.549083
95458,39.109008,-122.777635
95459,38.976628,-123.604854
95460,39.305245,-123.748616
95461,38.754006,-122.55211
95462,38.473361,-123.021541
95463,39.18956,-123.580591
95464,39.126246,-122.847075
95465,38.417342,-123.046012
95466,39.056924,-123.505651
95467,38.812954,-122.548099
95468,38.918887,-123.605684
95469,39.398936,-123.075253
95470,39.299023,-123.239243
95471,38.532224,-122.97359
95472,38.398815,-122.861923
95476,38.255842,-122.460908
95480,38.684685,-123.368051
95482,39.136804,-123.261089
95485,39.20847,-122.92572
95486,38.474137,-123.024203
95488,39.727177,-123.789174
95490,39.47932,-123.34816
95492,38.530486,-122.811835
95493,39.222323,-122.985488
95494,38.896447,-123.343183
95497,38.725274,-123.458314
95501,40.80201,-124.144824
95503,40.738403,-124.107815
95511,40.166028,-123.584144
95514,40.286741,-123.662286
95519,40.963005,-124.052501
95521,40.843356,-124.045334
95524,40.820835,-124.050022
95525,40.953782,-123.824438
95526,40.461528,-123.676487
95527,40.950917,-123.421121
95528,40.496986,-123.930811
95531,41.862668,-124.130542
95536,40.501241,-124.209928
95537,40.727152,-124.219177
95538,41.868335,-124.154257
95540,40.566787,-124.125976
95542,40.093254,-123.759831
95543,41.888836,-123.802766
95545,40.261551,-124.086134
95546,41.185995,-123.731494
95547,40.569463,-124.077504
95548,41.589864,-124.06069
95549,40.666676,-123.908382
95550,40.78112,-123.835974
95551,40.674987,-124.231146
95552,40.344419,-123.417217
95553,40.231152,-123.868597
95554,40.296384,-123.777138
95555,41.302551,-123.977637
95556,41.307717,-123.587415
95558,40.33758,-124.261177
95559,40.190281,-123.748297
95560,40.142727,-123.838819
95562,40.4412,-124.100415
95563,40.894251,-123.56406
95564,40.79088,-124.204748
95565,40.455186,-124.015198
95567,41.950683,-124.097094
95568,41.484857,-123.491487
95569,40.361364,-123.862122
95570,41.113752,-124.08264
95571,40.365541,-123.94428
95573,40.914926,-123.668723
95585,39.858717,-123.666166
95587,39.969684,-123.75537
95589,40.061443,-123.979797
95595,40.087565,-123.153498
95601,38.424865,-120.830278
95602,38.991491,-121.103544
95603,38.911346,-121.08576
95604,39.238526,-120.071431
95605,38.593521,-121.539867
95606,38.756412,-122.193271
95607,38.830616,-122.126037
95608,38.626935,-121.331191
95610,38.694923,-121.272207
95612,38.384706,-121.578721
95613,38.81263,-120.891712
95614,38.886238,-120.979699
95615,38.310755,-121.541817
95616,38.554147,-121.798514
95618,38.543019,-121.690538
95619,38.680605,-120.814261
95620,38.404935,-121.754379
95621,38.695494,-121.308624
95623,38.632532,-120.844015
95624,38.43415,-121.305874
95625,38.357311,-121.908639
95626,38.733794,-121.489006
95627,38.734513,-122.025346
95628,38.652096,-121.254384
95629,38.512788,-120.687523
95630,38.662781,-121.140107
95631,39.054944,-120.753975
95632,38.274451,-121.259201
95633,38.849203,-120.822384
95634,38.900629,-120.706782
95635,38.910748,-120.908621
95636,38.611654,-120.48682
95637,38.853015,-122.27287
95638,38.342678,-121.070132
95639,38.40854,-121.495365
95640,38.341467,-120.940112
95641,38.155571,-121.604816
95642,38.343506,-120.763948
95645,38.894035,-121.796808
95646,38.631743,-120.015362
95648,38.922812,-121.312005
95650,38.809175,-121.171375
95651,38.820884,-120.93519
95652,38.662638,-121.400828
95653,38.697075,-121.978414
95655,38.549228,-121.278598
95658,38.881183,-121.169014
95659,38.858745,-121.589913
95660,38.678867,-121.3805
95661,38.741274,-121.249266
95662,38.689174,-121.218435
95663,38.857372,-121.182526
95664,38.801281,-121.037856
95665,38.395176,-120.652755
95666,38.541376,-120.329097
95667,38.733395,-120.791347
95668,38.827555,-121.495182
95669,38.489518,-120.891642
95670,38.604268,-121.280327
95671,38.694464,-121.153753
95672,38.72226,-120.992955
95673,38.690518,-121.465662
95674,38.953949,-121.481896
95675,38.545458,-120.742909
95676,38.87433,-121.713844
95677,38.79292,-121.232006
95678,38.765353,-121.288473
95679,38.916595,-122.285276
95680,38.241412,-121.57832
95681,38.998092,-121.354198
95682,38.598969,-120.963066
95683,38.511992,-121.096261
95684,38.566104,-120.501215
95685,38.434012,-120.762015
95686,38.157794,-121.520223
95687,38.333133,-121.920151
95688,38.421343,-122.030124
95689,38.470889,-120.615679
95690,38.203404,-121.626239
95691,38.627951,-121.593287
95692,39.043066,-121.409804
95693,38.398531,-121.21951
95694,38.57166,-122.064168
95695,38.694038,-121.852932
95697,38.732881,-121.807195
95698,38.816357,-121.91077
95699,38.436774,-120.857624
95701,39.226549,-120.767022
95703,38.989027,-120.987775
95709,38.749032,-120.690916
95713,39.081347,-120.93239
95714,39.201159,-120.836798
95715,39.276651,-120.644012
95717,39.142594,-120.842689
95720,38.850937,-120.251267
95721,38.81614,-120.095999
95722,39.009801,-121.034707
95726,38.761976,-120.413495
95728,39.294653,-120.401407
95735,38.840287,-120.150294
95736,39.039122,-120.977494
95742,38.562201,-121.2047
95746,38.746924,-121.166434
95747,38.778421,-121.368829
95757,38.331652,-121.436979
95758,38.429667,-121.445213
95762,38.683688,-121.064727
95765,38.819738,-121.278321
95776,38.698692,-121.699462
95811,38.593792,-121.482158
95814,38.580568,-121.49559
95815,38.605628,-121.445453
95816,38.575407,-121.464803
95817,38.550605,-121.457026
95818,38.554487,-121.497058
95819,38.566862,-121.437563
95820,38.53491,-121.444202
95821,38.625693,-121.384916
95822,38.512844,-121.494215
95823,38.474726,-121.442636
95824,38.517435,-121.44144
95825,38.591897,-121.408467
95826,38.543848,-121.378284
95827,38.54836,-121.327497
95828,38.489426,-121.395969
95829,38.489546,-121.323452
95830,38.490508,-121.284171
95831,38.495787,-121.530256
95832,38.447413,-121.496138
95833,38.619049,-121.517552
95834,38.635212,-121.518608
95835,38.668491,-121.525602
95837,38.693765,-121.598941
95838,38.645723,-121.445254
95841,38.660272,-121.348164
95842,38.687038,-121.348865
95843,38.715329,-121.363675
95864,38.584047,-121.375846
95901,39.223939,-121.49405
95903,39.121296,-121.371098
95910,39.462883,-120.829783
95912,39.000399,-122.074234
95913,39.629004,-122.192151
95914,39.407586,-121.378772
95915,39.991368,-121.230731
95916,39.651415,-121.381635
95917,39.435859,-121.763625
95918,39.301229,-121.337929
95919,39.434438,-121.265555
95920,39.449794,-121.936372
95922,39.46673,-121.071865
95923,40.183804,-121.136688
95925,39.484108,-121.192649
95926,39.745772,-121.843923
95928,39.681488,-121.83721
95929,39.725787,-121.850213
95930,39.548715,-121.159878
95932,39.246934,-122.012177
95934,40.0601,-120.907957
95935,39.379344,-121.192261
95936,39.580756,-120.774346
95937,38.884065,-121.998485
95938,39.604713,-121.795288
95939,39.561685,-122.611698
95941,39.516948,-121.273873
95942,39.915994,-121.667031
95943,39.575214,-122.034536
95944,39.54016,-120.851449
95945,39.193267,-120.980122
95946,39.209159,-121.213824
95947,40.159399,-120.844084
95948,39.339264,-121.770785
95949,39.10267,-121.133852
95950,39.043447,-121.918099
95951,39.722512,-122.004433
95953,39.259738,-121.77633
95954,39.854189,-121.577866
95955,39.294516,-122.201715
95956,39.88414,-121.115945
95957,39.052285,-121.825177
95958,39.564204,-121.797937
95959,39.351529,-120.870549
95960,39.441443,-121.016626
95961,39.041333,-121.562835
95962,39.323405,-121.272549
95963,39.747832,-122.30336
95965,39.593945,-121.581363
95966,39.475369,-121.414133
95968,39.435177,-121.551779
95969,39.720742,-121.638663
95970,39.410269,-122.05203
95971,39.929228,-120.924431
95972,39.422772,-121.337648
95973,39.876526,-121.859642
95974,39.497297,-121.755698
95975,39.224325,-121.153696
95977,39.176595,-121.291692
95978,39.908439,-121.529616
95979,39.290302,-122.475519
95981,39.652827,-121.039944
95982,39.173231,-121.805673
95983,40.058261,-120.738932
95984,39.982778,-121.127623
95986,39.361516,-120.765192
95987,39.103611,-122.247003
95988,39.497191,-122.287568
95991,39.015503,-121.611202
95993,39.082497,-121.680114
